{"questions":[
    { 
      "question": "Which is the latest version of angular?",
      "option1": "10",
      "option2": "11",
      "option3": "9",
      "option4": "8",
      "correctAnswer":"11"
    },
    {
      "question": "Which element is used to loop over in angular?",
      "option1": "ngIf",
      "option2": "ngFor",
      "option3": "ngModel",
      "option4": "ngClass",
      "correctAnswer":"ngFor"
  },
  {
      "question": "Which element is used to check condition in angular?",
      "option1": "ngIf",
      "option2": "ngFor",
      "option3": "ngModel",
      "option4": "ngClass",
      "correctAnswer":"ngIf"
  },
  { 
      "question": "In angular, Which model is used for routing?",
      "option1": "RouterModule",
      "option2": "BrowserModule",
      "option3": "FormsModule",
      "option4": "NgModule",
      "correctAnswer":"RouterModule"
  }
  ]
}